"cohort","event","time","observed_calendar","group_time_available","reference","balanced_included"
2004,-2,2002,FALSE,FALSE,FALSE,FALSE
2006,-2,2004,TRUE,TRUE,FALSE,TRUE
2007,-2,2005,TRUE,TRUE,FALSE,TRUE
2004,-1,2003,TRUE,TRUE,TRUE,FALSE
2006,-1,2005,TRUE,TRUE,TRUE,TRUE
2007,-1,2006,TRUE,TRUE,TRUE,TRUE
2004,0,2004,TRUE,TRUE,FALSE,FALSE
2006,0,2006,TRUE,TRUE,FALSE,TRUE
2007,0,2007,TRUE,TRUE,FALSE,TRUE
2004,1,2005,TRUE,TRUE,FALSE,FALSE
2006,1,2007,TRUE,TRUE,FALSE,FALSE
2007,1,2008,FALSE,FALSE,FALSE,FALSE
2004,2,2006,TRUE,TRUE,FALSE,FALSE
2006,2,2008,FALSE,FALSE,FALSE,FALSE
2007,2,2009,FALSE,FALSE,FALSE,FALSE
