cf_y,cf_d,rho,level,null_effect,estimate,effect_lower,effect_upper,confidence_lower,confidence_upper,RV,RVa,confidence_convention
0.01,0.01,1.0,0.95,0.0,8172.337519830659,7237.755284319301,9106.919755342018,5148.661904534323,11153.443260990345,0.08410730777511392,0.049403849865936954,95% one-sided confidence bounds for effect-bound endpoints
0.01,0.03,1.0,0.95,0.0,8172.337519830659,6536.990667957905,9807.684371703413,4291.360215422215,11983.643087612701,0.08410730777511392,0.049403849865936954,95% one-sided confidence bounds for effect-bound endpoints
0.01,0.05,1.0,0.95,0.0,8172.337519830659,6039.006154911519,10305.6688847498,3645.6626999061064,12613.530418530656,0.08410730777511392,0.049403849865936954,95% one-sided confidence bounds for effect-bound endpoints
0.01,0.1,1.0,0.95,0.0,8172.337519830659,5072.6789089079175,11271.996130753401,2326.9438372129125,13909.259933809586,0.08410730777511392,0.049403849865936954,95% one-sided confidence bounds for effect-bound endpoints
0.03,0.01,1.0,0.95,0.0,8172.337519830659,6553.593604073683,9791.081435587635,4312.407290815981,11963.17348850382,0.08410730777511392,0.049403849865936954,95% one-sided confidence bounds for effect-bound endpoints
0.03,0.03,1.0,0.95,0.0,8172.337519830659,5339.833684389234,11004.841355272085,2698.8373044470864,13542.810358314062,0.08410730777511392,0.049403849865936954,95% one-sided confidence bounds for effect-bound endpoints
0.03,0.05,1.0,0.95,0.0,8172.337519830659,4477.299206410447,11867.375833250871,1482.1197240540164,14744.0135020956,0.08410730777511392,0.049403849865936954,95% one-sided confidence bounds for effect-bound endpoints
0.03,0.1,1.0,0.95,0.0,8172.337519830659,2803.5713195941007,13541.103720067218,-976.4552155099182,17184.900489595708,0.08410730777511392,0.049403849865936954,95% one-sided confidence bounds for effect-bound endpoints
0.05,0.01,1.0,0.95,0.0,8172.337519830659,6082.548110663543,10262.126928997775,3703.16834603696,12557.291908079585,0.08410730777511392,0.049403849865936954,95% one-sided confidence bounds for effect-bound endpoints
0.05,0.03,1.0,0.95,0.0,8172.337519830659,4515.5907922529,11829.084247408418,1537.0435573694476,14689.661284547905,0.08410730777511392,0.049403849865936954,95% one-sided confidence bounds for effect-bound endpoints
0.05,0.05,1.0,0.95,0.0,8172.337519830659,3402.0635693390514,12942.611470322267,-86.2437070574174,16299.646383963714,0.08410730777511392,0.049403849865936954,95% one-sided confidence bounds for effect-bound endpoints
0.05,0.1,1.0,0.95,0.0,8172.337519830659,1241.2901587648375,15103.384880896481,-3338.1820407340983,19538.01270413075,0.08410730777511392,0.049403849865936954,95% one-sided confidence bounds for effect-bound endpoints
0.1,0.01,1.0,0.95,0.0,8172.337519830659,5216.928994882866,11127.746044778452,2528.362113053203,13710.70256561919,0.08410730777511392,0.049403849865936954,95% one-sided confidence bounds for effect-bound endpoints
0.1,0.03,1.0,0.95,0.0,8172.337519830659,3000.91670352676,13343.758336134559,-681.8170241681482,16891.765818957894,0.08410730777511392,0.049403849865936954,95% one-sided confidence bounds for effect-bound endpoints
0.1,0.05,1.0,0.95,0.0,8172.337519830659,1426.1514028103447,14918.523636850974,-3056.5016071491646,19257.11323484549,0.08410730777511392,0.049403849865936954,95% one-sided confidence bounds for effect-bound endpoints
0.1,0.1,1.0,0.95,0.0,8172.337519830659,-1629.6436596388767,17974.318699300195,-7760.020111455252,23952.19953181755,0.08410730777511392,0.049403849865936954,95% one-sided confidence bounds for effect-bound endpoints
